Terza Radband,tradband0,Banjar Lalangpasek,tradband0@cnet.com, ,Female,47
Lolita McQuarrie,lmcquarrie1,Kaindy,lmcquarrie1@altervista.org, ,Male,30
Alli Teenan,ateenan2,Savyon,ateenan2@xrea.com, ,Male,60
Elianora Haxell,ehaxell3,Caen,ehaxell3@nytimes.com, ,Female,27
Trumann Tidridge,ttidridge4,Murom,ttidridge4@china.com.cn, ,Male,100
Joey Geldart,jgeldart5,Jati,jgeldart5@elegantthemes.com, ,Male,48
Candide Pirazzi,cpirazzi6,Thị Trấn Nho Quan,cpirazzi6@sourceforge.net, ,Male,22
Kathleen Coslitt,kcoslitt7,Bystřice nad Pernštejnem,kcoslitt7@about.me, ,Female,91
Allen Maggi,amaggi8,Mölnlycke,amaggi8@seattletimes.com, ,Male,31
Constantino Dewicke,cdewicke9,Krasnyy Profintern,cdewicke9@nih.gov, ,Male,64
Idalia Uman,iumana,Jingchuan,iumana@quantcast.com, ,Male,91
Gibb Caldroni,gcaldronib,Usa River,gcaldronib@google.es, ,Male,29
Tim Dibben,tdibbenc,Ngoc Hon Doc,tdibbenc@gov.uk, ,Female,18
Jaclyn Brundill,jbrundilld,Lyon,jbrundilld@printfriendly.com, ,Male,37
Rob Auston,raustone,Catanduva,raustone@comsenz.com, ,Male,76
Anastasie Pottell,apottellf,Annecy,apottellf@unesco.org, ,Female,56
Shanie Baglow,sbaglowg,Fukou,sbaglowg@sciencedirect.com, ,Female,31
Charmian Goodey,cgoodeyh,Horana South,cgoodeyh@myspace.com, ,Male,66
Shaylyn Fedorchenko,sfedorchenkoi,Beskolen,sfedorchenkoi@adobe.com, ,Male,85
Torr Baress,tbaressj,Elato,tbaressj@alibaba.com, ,Female,73
Jeffrey Watsam,jwatsamk,Tukuyu,jwatsamk@jalbum.net, ,Female,74
Kayle Lehr,klehrl,Junaynat Raslān,klehrl@delicious.com, ,Female,27
Barrie Allawy,ballawym,Alvaro Obregon,ballawym@goo.gl, ,Male,33
Filmore Salvatore,fsalvatoren,Ilandža,fsalvatoren@blogger.com, ,Male,83
Danny Wallentin,dwallentino,Lachute,dwallentino@goodreads.com, ,Male,89
Honor Detoile,hdetoilep,Garawati,hdetoilep@timesonline.co.uk, ,Female,67
Dorey Keyes,dkeyesq,Xiaohe,dkeyesq@ifeng.com, ,Female,94
Gayel Barkaway,gbarkawayr,Manjo,gbarkawayr@reference.com, ,Male,97
Ario Gostyke,agostykes,Xuxiake,agostykes@psu.edu, ,Female,52
Nikolaus Briton,nbritont,Senangkhanikhom,nbritont@free.fr, ,Male,76
Bari Nairy,bnairyu,Gafsa,bnairyu@marriott.com, ,Male,32
Becca Gannon,bgannonv,Saint-Laurent-Blangy,bgannonv@technorati.com, ,Male,55
Rudie Wiggington,rwiggingtonw,Ochobo,rwiggingtonw@google.com.br, ,Male,95
Elfrida Cogger,ecoggerx,Culasian,ecoggerx@php.net, ,Male,19
Allissa Boteman,abotemany,Gjoa Haven,abotemany@epa.gov, ,Male,34
Rhoda Edon,redonz,Kampunglistrik,redonz@icio.us, ,Female,42
Walliw Duggen,wduggen10,Smach Mean Chey,wduggen10@google.de, ,Female,50
Hank Goodee,hgoodee11,Dalinhe,hgoodee11@t.co, ,Female,33
Michaella Stollenbecker,mstollenbecker12,Andir,mstollenbecker12@ucoz.com, ,Male,71
Lucas Esch,lesch13,Popil'nya,lesch13@liveinternet.ru, ,Male,69
Brunhilde Kennermann,bkennermann14,Zhu’ao,bkennermann14@google.com.br, ,Female,60
Kristi Paolinelli,kpaolinelli15,Pouzauges,kpaolinelli15@baidu.com, ,Male,63
Emmanuel Danelut,edanelut16,Montego Bay,edanelut16@spotify.com, ,Female,53
Jodie Chasney,jchasney17,Tambakan,jchasney17@netlog.com, ,Female,65
Hubey Matson,hmatson18,Kiruna,hmatson18@facebook.com, ,Female,46
Xever McFee,xmcfee19,Indianapolis,xmcfee19@dailymail.co.uk, ,Female,97
Midge Dimeloe,mdimeloe1a,San Jose,mdimeloe1a@digg.com, ,Female,55
Ronnie Sturley,rsturley1b,Honolulu,rsturley1b@google.es, ,Male,74
Giselbert Hazeltine,ghazeltine1c,Bęczarka,ghazeltine1c@wix.com, ,Female,49
Travus Moraleda,tmoraleda1d,Huangmei,tmoraleda1d@wikimedia.org, ,Female,57
Joleen Cheshir,jcheshir1e,Krahës,jcheshir1e@facebook.com, ,Male,27
Massimiliano Soppit,msoppit1f,Paris 15,msoppit1f@cbsnews.com, ,Male,74
Barr Maureen,bmaureen1g,Beizhang,bmaureen1g@bluehost.com, ,Male,69
See Bilam,sbilam1h,Bugis,sbilam1h@cocolog-nifty.com, ,Male,87
Ivonne Moiser,imoiser1i,Buchanan,imoiser1i@columbia.edu, ,Female,96
Isador Castagnasso,icastagnasso1j,Chone,icastagnasso1j@yellowpages.com, ,Male,61
Charlot Chesman,cchesman1k,Asbestos,cchesman1k@barnesandnoble.com, ,Male,44
Carroll Ruf,cruf1l,Tsu-shi,cruf1l@ox.ac.uk, ,Male,26
Ernesto Garm,egarm1m,Lezhë,egarm1m@goo.ne.jp, ,Male,38
Clevey Tolefree,ctolefree1n,Washington,ctolefree1n@zimbio.com, ,Male,56
Elisha Jansson,ejansson1o,San Martín de los Andes,ejansson1o@nbcnews.com, ,Female,80
Keeley Gumm,kgumm1p,El Regalo,kgumm1p@springer.com, ,Male,89
Gavin Cornes,gcornes1q,Xin’andu,gcornes1q@myspace.com, ,Male,27
Hannie Nottle,hnottle1r,Ronglong,hnottle1r@yellowbook.com, ,Female,35
Bettye Dongall,bdongall1s,Krajan Alasdowo,bdongall1s@businessweek.com, ,Female,54
Brigida Wylam,bwylam1t,Dolgoderevenskoye,bwylam1t@cdbaby.com, ,Male,41
Otto Joerning,ojoerning1u,Amiens,ojoerning1u@biglobe.ne.jp, ,Female,91
Miguel Harrald,mharrald1v,Bamban,mharrald1v@zdnet.com, ,Male,43
Ola Brownjohn,obrownjohn1w,Río Limpio,obrownjohn1w@washingtonpost.com, ,Female,47
Ferdinanda Louth,flouth1x,Somié,flouth1x@furl.net, ,Male,97
Esra Harkes,eharkes1y,Teluksantong,eharkes1y@chron.com, ,Male,65
Rosamond Swaton,rswaton1z,Tugdan,rswaton1z@gov.uk, ,Male,40
Melantha Galtone,mgaltone20,Yongdong,mgaltone20@tuttocitta.it, ,Male,76
Lawton Biddles,lbiddles21,Putang,lbiddles21@acquirethisname.com, ,Male,88
Kerry Hume,khume22,Itbayat,khume22@free.fr, ,Male,94
Eli Ryce,eryce23,Ouésso,eryce23@bigcartel.com, ,Male,48
Laverne Iacobo,liacobo24,Orlu,liacobo24@ucsd.edu, ,Female,66
Arline Abramovici,aabramovici25,Moba,aabramovici25@digg.com, ,Female,56
Melicent Jesper,mjesper26,El Tránsito,mjesper26@slideshare.net, ,Female,80
Godfree Overington,goverington27,Karmai,goverington27@cpanel.net, ,Male,43
Blondy Enticott,benticott28,Langpas,benticott28@ycombinator.com, ,Male,58
Haily Moine,hmoine29,Bolhrad,hmoine29@reuters.com, ,Female,91
Dalton Dallman,ddallman2a,Hongjiang,ddallman2a@issuu.com, ,Female,31
Peter Going,pgoing2b,Bennäs,pgoing2b@msn.com, ,Male,51
Aubine Jeandillou,ajeandillou2c,Daying,ajeandillou2c@springer.com, ,Female,49
Oberon Meikle,omeikle2d,Shinaihai,omeikle2d@sitemeter.com, ,Male,95
Sullivan Pedrollo,spedrollo2e,København,spedrollo2e@answers.com, ,Female,52
Hy Lamar,hlamar2f,Briey,hlamar2f@businessinsider.com, ,Female,50
Georgie Titherington,gtitherington2g,Seidu,gtitherington2g@businessweek.com, ,Female,26
Darb Monshall,dmonshall2h,Świebodzice,dmonshall2h@spotify.com, ,Female,69
Waiter Sappy,wsappy2i,Banjar Buahan,wsappy2i@sogou.com, ,Male,24
Wells Burnet,wburnet2j,Pengchang,wburnet2j@nymag.com, ,Female,86
Maryjo Vian,mvian2k,Drammen,mvian2k@hhs.gov, ,Male,95
Brad Browett,bbrowett2l,Setonokalong,bbrowett2l@mozilla.org, ,Female,42
Johan Kemmis,jkemmis2m,Elaiochóri,jkemmis2m@army.mil, ,Male,81
Kary Chidwick,kchidwick2n,Tigpalay,kchidwick2n@hhs.gov, ,Female,40
Tim Milkeham,tmilkeham2o,Yufrus,tmilkeham2o@usnews.com, ,Male,58
Leonore Tompsett,ltompsett2p,Al Qurḩ,ltompsett2p@cbslocal.com, ,Female,18
Golda Frill,gfrill2q,Lingdangge,gfrill2q@vinaora.com, ,Female,96
Ewen Evequot,eevequot2r,Jinyuan,eevequot2r@illinois.edu, ,Female,94
Rosy Mickleburgh,rmickleburgh2s,Puente Alto,rmickleburgh2s@so-net.ne.jp, ,Male,19
Kaila Denver,kdenver2t,Maranura,kdenver2t@ft.com, ,Male,39
Benni Caruth,bcaruth2u,Aqsū,bcaruth2u@irs.gov, ,Male,87
Mervin Lampart,mlampart2v,Fengxi,mlampart2v@nps.gov, ,Male,82
Elmore Dudny,edudny2w,Kavadarci,edudny2w@timesonline.co.uk, ,Male,41
Torre Backshaw,tbackshaw2x,Hvozdná,tbackshaw2x@chron.com, ,Female,66
Abra Boumphrey,aboumphrey2y,Roubaix,aboumphrey2y@newyorker.com, ,Female,22
Zsazsa Torrent,ztorrent2z,Orlovat,ztorrent2z@chicagotribune.com, ,Male,26
Pasquale Benes,pbenes30,Shuidun,pbenes30@irs.gov, ,Female,33
Annnora Nutbean,anutbean31,La Tinguiña,anutbean31@ning.com, ,Female,89
Heddie Hewkin,hhewkin32,Kedungsumurkrajan,hhewkin32@merriam-webster.com, ,Female,100
Elene Drewery,edrewery33,Dnestrovsc,edrewery33@mlb.com, ,Female,69
Row Venes,rvenes34,Ylöjärvi,rvenes34@cdc.gov, ,Female,74
Brittni Slyme,bslyme35,Santo Estêvão,bslyme35@soup.io, ,Female,53
Venus Dolligon,vdolligon36,Jixi,vdolligon36@jimdo.com, ,Male,22
Corilla Kendell,ckendell37,Chengnan,ckendell37@4shared.com, ,Female,30
Johannes Fetherston,jfetherston38,Lancang,jfetherston38@bizjournals.com, ,Male,18
My Fordyce,mfordyce39,Vom,mfordyce39@nytimes.com, ,Male,57
Willi Izacenko,wizacenko3a,Minna,wizacenko3a@eepurl.com, ,Male,71
Junette Maris,jmaris3b,Pokrovka,jmaris3b@shutterfly.com, ,Female,33
Geoffrey Lettuce,glettuce3c,Longcheng,glettuce3c@alibaba.com, ,Male,46
Asia Edess,aedess3d,Jaguariaíva,aedess3d@nytimes.com, ,Male,27
Jacinta Meharry,jmeharry3e,Mercedes,jmeharry3e@xrea.com, ,Male,54
Valencia Sinderland,vsinderland3f,Gafsa,vsinderland3f@adobe.com, ,Male,32
Fonz Dealtry,fdealtry3g,Prostki,fdealtry3g@mediafire.com, ,Male,85
Netty Allsobrook,nallsobrook3h,Shagedu,nallsobrook3h@hubpages.com, ,Male,63
Anestassia Lewin,alewin3i,Oliveira do Conde,alewin3i@go.com, ,Male,23
Sandie Budgey,sbudgey3j,Campaka,sbudgey3j@dmoz.org, ,Female,58
Ethelred Byford,ebyford3k,La Virgen,ebyford3k@amazon.co.uk, ,Female,84
Nydia Beckers,nbeckers3l,Bellevue,nbeckers3l@taobao.com, ,Female,25
Jory Boumphrey,jboumphrey3m,Báguanos,jboumphrey3m@vk.com, ,Female,81
Ardene Ridhole,aridhole3n,Samut Songkhram,aridhole3n@craigslist.org, ,Female,54
Duane Tomovic,dtomovic3o,Alexandria,dtomovic3o@shutterfly.com, ,Female,46
Ly Dursley,ldursley3p,Loureiro,ldursley3p@github.com, ,Female,30
Isidoro Pepper,ipepper3q,Shinshiro,ipepper3q@independent.co.uk, ,Female,73
Simon Matthesius,smatthesius3r,Huolianpo,smatthesius3r@imdb.com, ,Female,87
Shannon Pyper,spyper3s,Shewopo,spyper3s@tripod.com, ,Male,42
Mathias Butchard,mbutchard3t,Kuala Lumpur,mbutchard3t@clickbank.net, ,Male,24
Odell Djordjevic,odjordjevic3u,Kohtla-Järve,odjordjevic3u@cyberchimps.com, ,Female,87
Leia Nutter,lnutter3v,Shirokovskiy,lnutter3v@deliciousdays.com, ,Male,72
Regan Hixley,rhixley3w,Goma,rhixley3w@army.mil, ,Female,28
Elwin Gratrix,egratrix3x,Aucallama,egratrix3x@icq.com, ,Female,82
Meagan Gower,mgower3y,Ladário,mgower3y@discuz.net, ,Male,94
Thornton Usmar,tusmar3z,Tyringe,tusmar3z@samsung.com, ,Female,79
Vernor Niblock,vniblock40,Wotsogo,vniblock40@dell.com, ,Female,30
Sam Merchant,smerchant41,Sukoanyar,smerchant41@nifty.com, ,Male,91
Flora Amsden,famsden42,Bagaces,famsden42@diigo.com, ,Male,62
Grover Gentile,ggentile43,New Leyte,ggentile43@harvard.edu, ,Male,74
Arlena Bole,abole44,Hostomice,abole44@twitter.com, ,Male,66
Eugenius Emmott,eemmott45,Hetou,eemmott45@phpbb.com, ,Male,72
Cherye Botham,cbotham46,Mymensingh,cbotham46@angelfire.com, ,Male,84
Clari Scaice,cscaice47,Beni Khiar,cscaice47@unc.edu, ,Female,82
Frederique Rodolico,frodolico48,Moita da Roda,frodolico48@statcounter.com, ,Female,78
Odella Stearn,ostearn49,Tataouine,ostearn49@google.co.uk, ,Female,49
Brooke Ingledew,bingledew4a,Babakankalong,bingledew4a@state.gov, ,Female,31
Dedie Gove,dgove4b,Santisimo Rosario,dgove4b@reverbnation.com, ,Male,36
Northrup Abrahams,nabrahams4c,Trafaria,nabrahams4c@instagram.com, ,Male,86
Phyllida Burdytt,pburdytt4d,San Pedro de Macorís,pburdytt4d@friendfeed.com, ,Female,23
Karoline Rabbe,krabbe4e,Nancheng,krabbe4e@trellian.com, ,Male,47
Ellen Cork,ecork4f,Stare Juchy,ecork4f@fema.gov, ,Male,36
Jannelle Streatfield,jstreatfield4g,Isnā,jstreatfield4g@narod.ru, ,Female,64
Lotte Sommerscales,lsommerscales4h,Gangmian,lsommerscales4h@msn.com, ,Male,91
Doreen Brownsworth,dbrownsworth4i,Plaeng Yao,dbrownsworth4i@paypal.com, ,Male,37
Alverta Denington,adenington4j,Donetsk,adenington4j@ezinearticles.com, ,Male,40
Shoshanna Massimi,smassimi4k,Binjiang,smassimi4k@gmpg.org, ,Female,52
Nixie Dafforne,ndafforne4l,Banjarsari,ndafforne4l@facebook.com, ,Female,38
Hayward Roskrug,hroskrug4m,Baruta,hroskrug4m@mediafire.com, ,Female,26
Bev Mackness,bmackness4n,Kimitsu,bmackness4n@seattletimes.com, ,Female,62
Marthe Spender,mspender4o,Petrolina de Goiás,mspender4o@gmpg.org, ,Male,84
Betta Lazenby,blazenby4p,Puntaru,blazenby4p@java.com, ,Male,60
Danny Frankema,dfrankema4q,Strellc i Epërm,dfrankema4q@ow.ly, ,Female,68
Nanny Antyshev,nantyshev4r,Rosa Zarate,nantyshev4r@plala.or.jp, ,Male,84
Elsie Doumic,edoumic4s,Tlogowetan,edoumic4s@ebay.co.uk, ,Male,94
Marissa Blesdill,mblesdill4t,Warren,mblesdill4t@yahoo.co.jp, ,Male,57
Barbey Haslock(e),bhaslocke4u,Górki,bhaslocke4u@dailymail.co.uk, ,Female,90
Bamby Sinton,bsinton4v,Comodoro Rivadavia,bsinton4v@360.cn, ,Male,55
Nydia Gallandre,ngallandre4w,Mhamid,ngallandre4w@phpbb.com, ,Female,90
Cathe Farloe,cfarloe4x,Jardim da Serra,cfarloe4x@e-recht24.de, ,Female,62
Madlin Betham,mbetham4y,Verin Dvin,mbetham4y@dot.gov, ,Female,40
Antoine Insoll,ainsoll4z,Puolanka,ainsoll4z@google.co.uk, ,Male,23
Joletta Mewton,jmewton50,Guatraché,jmewton50@apple.com, ,Male,34
Allene Gorton,agorton51,Hatton,agorton51@bandcamp.com, ,Female,38
Tommie Primo,tprimo52,Malinovskiy,tprimo52@hhs.gov, ,Female,50
Wilow Elster,welster53,Filiátes,welster53@photobucket.com, ,Male,45
Justis Medlin,jmedlin54,Vannes,jmedlin54@soundcloud.com, ,Female,43
Julita Tiler,jtiler55,Dugongan,jtiler55@paginegialle.it, ,Female,79
Trula Hurworth,thurworth56,Mantes-la-Jolie,thurworth56@abc.net.au, ,Female,51
Drona Wealleans,dwealleans57,Málaga,dwealleans57@harvard.edu, ,Male,64
Darline Brodnecke,dbrodnecke58,Dijon,dbrodnecke58@over-blog.com, ,Female,65
Cacilie Warner,cwarner59,Göteborg,cwarner59@yolasite.com, ,Male,24
Fidela Kubala,fkubala5a,Behbahān,fkubala5a@yolasite.com, ,Female,84
Hunter Jack,hjack5b,Güines,hjack5b@hugedomains.com, ,Female,34
Pierson Stiven,pstiven5c,Dorowa Mining Lease,pstiven5c@oakley.com, ,Female,95
Gayla Buzzing,gbuzzing5d,Mardīān,gbuzzing5d@kickstarter.com, ,Male,100
Jeffie Goulstone,jgoulstone5e,Molina,jgoulstone5e@hao123.com, ,Male,18
Morty Tallman,mtallman5f,Kibingo,mtallman5f@wsj.com, ,Female,64
Auberta Nancekivell,anancekivell5g,Carcar,anancekivell5g@netlog.com, ,Female,94
Erika Espinel,eespinel5h,Krasnaya Polyana,eespinel5h@liveinternet.ru, ,Male,23
Jere Terrans,jterrans5i,Donghui,jterrans5i@vkontakte.ru, ,Female,22
Laure Hobbing,lhobbing5j,Itaúna,lhobbing5j@cornell.edu, ,Male,43
